name,username,email,password
registroa1,registrosofta1,registroa1@software.com,registrosel100
registrob,registrosoftb,registrob@software.com,registrosel100
registroc,registrosoftc,registroc@software.com,registrosel100
registrod,registrosoftd,registrod@software.com,registrosel100
registroe,registrosofte,registroe@software.com,registrosel100
registrof,registrosoftf,registrof@software.com,registrosel100
registrog,registrosoftg,registrog@software.com,registrosel100
registroh,registrosofth,registroh@software.com,registrosel100
registroi,registrosofti,registroi@software.com,registrosel100
registroi,registrosofti,registroi@software.com,registrosel100